id;text;category;left;right
fun001;Czy Twoje oczy czasem otwierajÄ… siÄ™ wczeÅ›niej niÅ¼ reszta ciaÅ‚a?;Åšmieszne;NIE;TAK
pik001;Czy Twoje Å¼ycie intymne to dla Ciebie luÅºny temat?;Pikantne;NIE;TAK
wol001;Wolisz ciepÅ‚e dni czy chÅ‚odne wieczory?;Wolisz;CIEPÅE DNI;CHÅODNE WIECZORY
wol002;Wolisz chodziÄ‡ na siÅ‚owniÄ™ czy biegaÄ‡ na Å›wieÅ¼ym powietrzu?;Wolisz;SIÅOWNIA;ÅšWIEÅ»E POWIETRZE
pre001;Jak bardzo lubiÅ‚eÅ› spÄ™dzaÄ‡ czas na podwÃ³rku?;PrzeszÅ‚oÅ›Ä‡;NIE LUBIÅEM;LUBIÅEM
pik002;Czy inicjujesz zbliÅ¼enia czÄ™Å›ciej niÅ¼ TwÃ³j partner?;Pikantne;NIE;TAK
wol003;Wolisz nosiÄ‡ okulary czy soczewki kontaktowe?;Wolisz;OKULARY;SOCZEWKI
zwi001;Czy potrafisz dzieliÄ‡ siÄ™ swoimi obawami bez poczucia sÅ‚aboÅ›ci?;ZwiÄ…zkowe;NIE;TAK
wol004;Wolisz rozmawiaÄ‡ z duÅ¼Ä… grupÄ… ludzi czy z jednÄ… osobÄ…?;Wolisz;Z GRUPÄ„ LUDZI;Z JEDNÄ„ OSOBÄ„
zwi002;Co jest dla ciebie waÅ¼niejsze w zwiÄ…zku - czuÅ‚oÅ›Ä‡ czy rozmowa?;ZwiÄ…zkowe;CZUÅOÅšÄ†;ROZMOWA
pre002;Jako dziecko byÅ‚eÅ› bardziej niejadkiem czy wszystkoÅ¼ercÄ…?;PrzeszÅ‚oÅ›Ä‡;NIEJADKIEM;WSZYSTKOÅ»ERCÄ„
pre003;Jak dobrze pamiÄ™tasz swoje ulubione smaki dzieciÅ„stwa?;PrzeszÅ‚oÅ›Ä‡;SÅABO;DOBRZE
wol005;Wolisz pracowaÄ‡ w zespole czy samodzielnie?;Wolisz;W ZESPOLE;SAMODZIELNIE
dyl001;Wolisz codziennie dostawaÄ‡ list od nieznajomego czy nigdy nie dostawaÄ‡ Å¼adnej wiadomoÅ›ci?;Dylematy;CODZIENNIE OD NIEZNAJOMEGO;NIGDY OD NIKOGO
fun002;Czy zdarza ci siÄ™ upuÅ›ciÄ‡ coÅ› na stopÄ™ dokÅ‚adnie wtedy, gdy jesteÅ› boso?;Åšmieszne;NIE;TAK
pre004;Jak czÄ™sto siÄ™ Å›miaÅ‚eÅ› z kolegÃ³w lub koleÅ¼anek w szkole?;PrzeszÅ‚oÅ›Ä‡;NIGDY;CIÄ„GLE
fun003;Czy TwÃ³j umysÅ‚ czasem idzie na wakacje, gdy ktoÅ› coÅ› tÅ‚umaczy?;Åšmieszne;NIE;TAK
dyl002;Wolisz mieÄ‡ zawsze idealnie dopasowane ubrania czy zawsze modnÄ… fryzurÄ™?;Dylematy;DOPASOWANE UBRANIA;MODNA FRYZURA
zwi003;Potrafisz mÃ³wiÄ‡ o swoich potrzebach bez poczucia winy?;ZwiÄ…zkowe;NIE;TAK
fun004;Zdarza ci siÄ™ zapomnieÄ‡, Å¼e masz okulary na nosie i wszÄ™dzie ich szukaÄ‡?;Åšmieszne;NIE;TAK
fun005;Czy do snu robisz z siebie burrito zawijajÄ…c siÄ™ w koc lub koÅ‚drÄ™?;Åšmieszne;NIE;TAK
wol006;Wolisz jeÅ›Ä‡ Å›niadanie w poÅ›piechu czy na spokojnie?;Wolisz;W POÅšPIECHU;NA SPOKOJNIE
fun006;Zdarza Ci siÄ™ zapomnieÄ‡, Å¼e juÅ¼ umyÅ‚eÅ› zÄ™by i zrobiÄ‡ to jeszcze raz?;Åšmieszne;NIE;TAK
pik003;Czy wolisz prowadziÄ‡ czy byÄ‡ prowadzonym w sytuacjach intymnych?;Pikantne;PROWADZIÄ†;BYÄ† PROWADZONYM
pre005;Jak czÄ™sto pomagaÅ‚eÅ› w domu rodzeÅ„stwu?;PrzeszÅ‚oÅ›Ä‡;RZADKO;CZÄ˜STO
swi001;Jak bardzo jesteÅ› otwarty na inne religie i Å›wiatopoglÄ…dy?;ÅšwiatopoglÄ…dowe;W OGÃ“LE;BARDZO
pik004;Czy czÄ™sto fantazjujesz o osobach, ktÃ³re znasz?;Pikantne;NIE;TAK
swi002;Czy zgadzasz siÄ™ z tym, Å¼e technologia zbliÅ¼a ludzi?;ÅšwiatopoglÄ…dowe;NIE;TAK
pre006;Jak czÄ™sto zdarzaÅ‚o Ci siÄ™ Å›piewaÄ‡ lub taÅ„czyÄ‡ jako dziecko?;PrzeszÅ‚oÅ›Ä‡;RZADKO;CZÄ˜STO
wol007;Wolisz czytaÄ‡ kryminaÅ‚y czy fantastykÄ™?;Wolisz;KRYMINAÅY;FANTASTYKA
pik005;Czy lubisz zmieniaÄ‡ dynamikÄ™ w Å‚Ã³Å¼ku â€” raz byÄ‡ aktywnym, a raz pasywnym?;Pikantne;NIE;TAK
swi003;Czy uwaÅ¼asz, Å¼e spoÅ‚eczeÅ„stwo powinno bardziej pomagaÄ‡ osobom potrzebujÄ…cym?;ÅšwiatopoglÄ…dowe;NIE;TAK
wol008;Wolisz oglÄ…daÄ‡ sport czy uprawiaÄ‡ sport?;Wolisz;OGLÄ„DAÄ†;UPRAWIAÄ†
swi004;UwaÅ¼asz, Å¼e edukacja powinna rozwijaÄ‡ kreatywnoÅ›Ä‡, a nie tylko wiedzÄ™?;ÅšwiatopoglÄ…dowe;NIE;TAK
swi005;Zgadzasz siÄ™ z tym, Å¼e empatia jest podstawÄ… czÅ‚owieczeÅ„stwa?;ÅšwiatopoglÄ…dowe;NIE;TAK
pre007;LubiÅ‚eÅ› uczyÄ‡ siÄ™ nowych rzeczy poza szkoÅ‚Ä…?;PrzeszÅ‚oÅ›Ä‡;NIE;TAK
zwi004;Czy lubisz wspÃ³lne planowanie codziennych obowiÄ…zkÃ³w?;ZwiÄ…zkowe;NIE;TAK
luz001;Czy kiedykolwiek prÃ³bowaÅ‚eÅ› telepatycznie przyciÄ…gnÄ…Ä‡ autobus?;LuÅºne;NIE;TAK
pik006;Czy jesteÅ› otwarty na dzielenie siÄ™ swoimi fantazjami w trakcie zbliÅ¼enia?;Pikantne;NIE;TAK
wol009;Wolisz graÄ‡ na instrumencie czy Å›piewaÄ‡?;Wolisz;GRAÄ†;ÅšPIEWAÄ†
wol010;Wolisz sÅ‚odkie czy sÅ‚one przekÄ…ski?;Wolisz;SÅODKIE;SÅONE
swi006;Czy zgadzasz siÄ™ z koniecznoÅ›ciÄ… ograniczenia konsumpcji dla dobra planety?;ÅšwiatopoglÄ…dowe;NIE;TAK
pre008;Jak bardzo ceniÅ‚eÅ› sobie wolny czas bez obowiÄ…zkÃ³w?;PrzeszÅ‚oÅ›Ä‡;MAÅO;BARDZO
pre009;Czy pamiÄ™tasz swojÄ… pierwszÄ… wycieczkÄ™ szkolnÄ…?;PrzeszÅ‚oÅ›Ä‡;NIE;TAK
pre010;LubiÅ‚eÅ› braÄ‡ udziaÅ‚ w zabawach zespoÅ‚owych?;PrzeszÅ‚oÅ›Ä‡;NIE;TAK
dyl003;Wolisz chodziÄ‡ do pracy w piÅ¼amie czy na spotkania w stroju kÄ…pielowym?;Dylematy;PIÅ»AMA DO PRACY;STRÃ“J KÄ„PIELOWY NA SPOTKANIA
fun007;Czy lubisz Å›piewaÄ‡ pod prysznicem, nawet jeÅ›li nie znasz sÅ‚Ã³w?;Åšmieszne;NIE;TAK
zwi005;Czy lubisz robiÄ‡ niespodzianki partnerowi?;ZwiÄ…zkowe;NIE;TAK
fun008;Czy zdarza Ci siÄ™ zaczynaÄ‡ rozmowÄ™ i nagle zapomnieÄ‡, o czym chciaÅ‚eÅ› powiedzieÄ‡?;Åšmieszne;NIE;TAK
swi007;Zgadzasz siÄ™ z ideÄ…, Å¼e kaÅ¼dy powinien mieÄ‡ prawo do edukacji?;ÅšwiatopoglÄ…dowe;NIE;TAK
luz002;Czy zdarza Ci siÄ™ zasnÄ…Ä‡ podczas oglÄ…dania filmu, ktÃ³ry sam wybraÅ‚eÅ›?;LuÅºne;NIE;TAK
fun009;Czy potrafisz zapomnieÄ‡, dlaczego wszedÅ‚eÅ› do innego pokoju?;Åšmieszne;NIE;TAK
pik007;JesteÅ› osobÄ… bardziej zmysÅ‚owÄ… czy impulsywnÄ…?;Pikantne;ZMYSÅOWÄ„;IMPULSYWNÄ„
swi008;Czy waÅ¼na jest dla Ciebie wolnoÅ›Ä‡ wyboru stylu Å¼ycia?;ÅšwiatopoglÄ…dowe;NIE;TAK
zwi006;Czy czujesz siÄ™ wystarczajÄ…co sÅ‚uchany w rozmowach?;ZwiÄ…zkowe;NIE;TAK
luz003;Czy umiesz przewidzieÄ‡ pogodÄ™ patrzÄ…c przez okno?;LuÅºne;NIE;TAK
pik008;Twoje fantazje bywajÄ… bardziej emocjonalne czy fizyczne?;Pikantne;NIE;TAK
luz004;Czy potrafisz prowadziÄ‡ logicznÄ… rozmowÄ™ tuÅ¼ po obudzeniu?;LuÅºne;NIE;TAK
wol011;Wolisz oglÄ…daÄ‡ seriale czy filmy?;Wolisz;SERIALE;FILMY
wol012;Wolisz oglÄ…daÄ‡ filmy science fiction czy dokumentalne?;Wolisz;SCIENCE FICTION;DOKUMENTALNE
luz005;Czy zdarza Ci siÄ™ zjeÅ›Ä‡ coÅ› z podÅ‚ogi?;LuÅºne;NIE;TAK
luz006;Czy jesteÅ› w stanie zapamiÄ™taÄ‡ trzy rzeczy, jedynie kiedy zapiszesz je w piÄ™ciu miejscach?;LuÅºne;NIE;TAK
zwi007;WaÅ¼niejsze dla Ciebie sÄ… czyny czy sÅ‚owa?;ZwiÄ…zkowe;CZYNY;SÅOWA
pik009;Czy przywiÄ…zanie emocjonalne wpÅ‚ywa na TwojÄ… odwagÄ™ w Å‚Ã³Å¼ku?;Pikantne;NIE;TAK
dyl004;Wolisz mÃ³c rozwiÄ…zaÄ‡ kaÅ¼dy problem matematyczny czy znaÄ‡ odpowiedÅº na kaÅ¼de pytanie dotyczÄ…ce historii?;Dylematy;PROBLEM MATEMATYCZNY;PYTANIE HISTORYCZNE
pre011;Czy miaÅ‚eÅ› problemy z nauczycielami lub wychowawcÄ…?;PrzeszÅ‚oÅ›Ä‡;NIE;TAK
fun010;Czy potrafisz zjeÅ›Ä‡ caÅ‚Ä… paczkÄ™ chipsÃ³w i udawaÄ‡, Å¼e to nic takiego?;Åšmieszne;NIE;TAK
pre012;Na ile byÅ‚eÅ› zadowolony ze swoich wynikÃ³w w nauce?;PrzeszÅ‚oÅ›Ä‡;W OGÃ“LE;BARDZO
dyl005;Wolisz nie mÃ³c kÅ‚amaÄ‡ czy nie mÃ³c mÃ³wiÄ‡ prawdy?;Dylematy;NIE MÃ“C KÅAMAÄ†;NIE MÃ“C MÃ“WIÄ† PRAWDY
pre013;LubiÅ‚eÅ› pomagaÄ‡ nauczycielom w klasie?;PrzeszÅ‚oÅ›Ä‡;NIE;TAK
luz007;Czy rozwaÅ¼yÅ‚byÅ› zamieszkanie w Ikei?;LuÅºne;NIE;TAK
luz008;Czy masz nawyk tworzenia playlist na kaÅ¼dÄ… moÅ¼liwÄ… okazjÄ™?;LuÅºne;NIE;TAK
pre014;Czy lubiÅ‚eÅ› odpowiadaÄ‡ przy tablicy w szkole?;PrzeszÅ‚oÅ›Ä‡;NIE;TAK
dyl006;Wolisz mieÄ‡ zwierzÄ™, ktÃ³re mÃ³wi czy lata?;Dylematy;MÃ“WI;LATA
fun011;Czy zdarza Ci siÄ™ kliknÄ…Ä‡ 'odÅ›wieÅ¼' szybciej, niÅ¼ strona ma szansÄ™ siÄ™ zaÅ‚adowaÄ‡?;Åšmieszne;NIE;TAK
zwi008;Czy potrafisz uszczÄ™Å›liwiÄ‡ drugÄ… osobÄ™ drobiazgiem?;ZwiÄ…zkowe;NIE;TAK
fun012;Czy potrafisz zgubiÄ‡ siÄ™ we wÅ‚asnym domu, idÄ…c po coÅ› w nocy?;Åšmieszne;NIE;TAK
pre015;Czy miaÅ‚eÅ› w dzieciÅ„stwie przyjaciÃ³Å‚, z ktÃ³rymi spÄ™dzaÅ‚eÅ› caÅ‚e dnie?;PrzeszÅ‚oÅ›Ä‡;NIE;TAK
pik010;Czy lubisz przeÅ‚amywaÄ‡ rutynÄ™ w sypialni?;Pikantne;NIE;TAK
wol013;Wolisz jeÅ›Ä‡ Å›niadanie na sÅ‚odko czy na sÅ‚ono?;Wolisz;SÅODKO;SÅONO
dyl007;Wolisz mÃ³c rozmawiaÄ‡ tylko za pomocÄ… rysunkÃ³w czy tylko za pomocÄ… muzyki?;Dylematy;RYSUNKI;MUZYKA
wol014;Wolisz wstawaÄ‡ bez budzika czy budziÄ‡ siÄ™ po alarmie?;Wolisz;BEZ BUDZIKA;PO ALARMIE
pre016;Czy byÅ‚eÅ› bardziej spokojnym czy rozbrykanym dzieckiem?;PrzeszÅ‚oÅ›Ä‡;SPOKOJNYM;ROZBRYKANYM
zwi009;Czy konflikty rozÅ‚adowujesz Å¼artem?;ZwiÄ…zkowe;NIE;TAK
dyl008;Wolisz mieÄ‡ dom na drzewie w lesie czy na plaÅ¼y?;Dylematy;W LESIE;NA PLAÅ»Y
luz009;Czy zdarza Ci siÄ™ zapomnieÄ‡, po co wszedÅ‚eÅ› do pokoju?;LuÅºne;NIE;TAK
fun013;Czy zdarza Ci siÄ™ znaleÅºÄ‡ coÅ›, czego szukaÅ‚eÅ› dopiero wtedy, gdy juÅ¼ siÄ™ poddasz?;Åšmieszne;NIE;TAK
wol015;Wolisz spÄ™dzaÄ‡ czas aktywnie na dworze czy w domu z ksiÄ…Å¼kÄ…?;Wolisz;AKTYWNIE NA DWORZE;Z KSIÄ„Å»KÄ„ W DOMU
luz010;Czy potrafisz bez skrÄ™powania taÅ„czyÄ‡ sam w pokoju?;LuÅºne;NIE;TAK
pik011;Czy mÃ³wisz partnerowi o swoich fantazjach?;Pikantne;NIE;TAK
luz011;Czy jesteÅ› w stanie wytrzymaÄ‡ dzieÅ„ bez uÅ¼ycia Internetu?;LuÅºne;NIE;TAK
pik012;WiÄ™cej przyjemnoÅ›ci czerpiesz z dawania czy z otrzymywania?;Pikantne;Z DAWANIA;Z OTRZYMYWANIA
pre017;Czy miaÅ‚eÅ› ulubionÄ… ksiÄ…Å¼kÄ™ lub bajkÄ™, do ktÃ³rej czÄ™sto wracaÅ‚eÅ›?;PrzeszÅ‚oÅ›Ä‡;NIE;TAK
pre018;LubiÅ‚eÅ› chodziÄ‡ do szkoÅ‚y?;PrzeszÅ‚oÅ›Ä‡;NIE;TAK
luz012;Czy byÅ‚byÅ› dobrym prowadzÄ…cym teleturniej?;LuÅºne;NIE;TAK
zwi010;Czy miewasz trudnoÅ›Ä‡ z proszeniem o pomoc w zwiÄ…zku?;ZwiÄ…zkowe;NIE;TAK
fun014;Czy Twoja ulubiona pora dnia to ta, kiedy nikt CiÄ™ nie widzi?;Åšmieszne;NIE;TAK
wol016;Wolisz uczyÄ‡ siÄ™ nowych rzeczy samodzielnie czy w grupie?;Wolisz;SAMODZIELNIE;W GRUPIE
pre019;Jak dobrze pamiÄ™tasz szkolne wycieczki?;PrzeszÅ‚oÅ›Ä‡;SÅABO;DOBRZE
pik013;Czy Twoje podejÅ›cie do seksu zmienia siÄ™ w zaleÅ¼noÅ›ci od emocji?;Pikantne;NIE;TAK
wol017;Wolisz spotkania w duÅ¼ym gronie czy kameralne przyjÄ™cia?;Wolisz;DUÅ»E GRONO;KAMERALNIE
pik014;Czy kiedykolwiek czuÅ‚eÅ› pociÄ…g do kogoÅ› zupeÅ‚nie â€niedozwolonegoâ€?;Pikantne;NIE;TAK
zwi011;Czy emocje partnera wpÅ‚ywajÄ… na TwÃ³j nastrÃ³j?;ZwiÄ…zkowe;NIE;TAK
swi009;Czy zgadzasz siÄ™ z tym, Å¼e rozwÃ³j gospodarczy jest waÅ¼niejszy niÅ¼ ochrona Å›rodowiska?;ÅšwiatopoglÄ…dowe;NIE;TAK
pre020;Czy dobrze wspominasz szkolne przerwy?;PrzeszÅ‚oÅ›Ä‡;NIE;TAK
swi010;Czy uwaÅ¼asz, Å¼e edukacja powinna byÄ‡ darmowa dla wszystkich?;ÅšwiatopoglÄ…dowe;NIE;TAK
dyl009;Wolisz zawsze byÄ‡ o 10 minut spÃ³Åºniony czy o 10 minut za wczeÅ›nie?;Dylematy;BYÄ† SPÃ“Å¹NIONY;BYÄ† ZA WCZEÅšNIE
wol018;Wolisz nosiÄ‡ jasne czy ciemne ubrania?;Wolisz;JASNE;CIEMNE
wol019;Wolisz oglÄ…daÄ‡ filmy komediowe czy dramaty?;Wolisz;KOMEDIE;DRAMATY
wol020;Wolisz spÄ™dzaÄ‡ wieczory przy grach planszowych czy oglÄ…dajÄ…c filmy?;Wolisz;GRY PLANSZOWE;OGLÄ„DANIE FILMÃ“W
wol021;Wolisz uÅ¼ywaÄ‡ telefonu czy komputera do pracy?;Wolisz;TELEFON;KOMPUTER
swi011;Czy uwaÅ¼asz, Å¼e wojny sÄ… czasem konieczne?;ÅšwiatopoglÄ…dowe;NIE;TAK
dyl010;Wolisz mieÄ‡ nieskoÅ„czony dostÄ™p do swojej ulubionej muzyki czy ulubionych filmÃ³w?;Dylematy;MUZYKA;FILMY
fun015;Czy zdarza Ci siÄ™ ubraÄ‡ coÅ› na lewÄ… stronÄ™ i zorientowaÄ‡ siÄ™ dopiero wieczorem?;Åšmieszne;NIE;TAK
zwi012;Czy czujesz siÄ™ odpowiedzialny za atmosferÄ™ w relacji?;ZwiÄ…zkowe;NIE;TAK
swi012;Czy uwaÅ¼asz, Å¼e granice miÄ™dzy paÅ„stwami powinny zostaÄ‡ otwarte?;ÅšwiatopoglÄ…dowe;NIE;TAK
pik015;Czy lubisz byÄ‡ zaskakiwany w sypialni?;Pikantne;NIE;TAK
zwi013;Czy zdarza Ci siÄ™ mÃ³wiÄ‡ coÅ›, czego pÃ³Åºniej Å¼aÅ‚ujesz?;ZwiÄ…zkowe;NIE;TAK
swi013;Czy popierasz pomysÅ‚ dochodu podstawowego dla kaÅ¼dego obywatela?;ÅšwiatopoglÄ…dowe;NIE;TAK
wol022;Wolisz spÄ™dzaÄ‡ wolny czas sam w ciszy czy z ludzi?;Wolisz;W CISZY;Z LUDÅ¹MI
zwi014;Czy czujesz siÄ™ doceniany w relacji?;ZwiÄ…zkowe;NIE;TAK
swi014;Czy uwaÅ¼asz, Å¼e bogatsi powinni pÅ‚aciÄ‡ wyÅ¼sze podatki?;ÅšwiatopoglÄ…dowe;NIE;TAK
pik016;Czy potrafisz szczerze powiedzieÄ‡ partnerowi, co Ci siÄ™ podoba?;Pikantne;NIE;TAK
fun016;Czy masz wraÅ¼enie, Å¼e TwÃ³j komputer dziaÅ‚a wolniej, kiedy ktoÅ› na Ciebie patrzy?;Åšmieszne;NIE;TAK
luz013;Czy uwaÅ¼asz, Å¼e masz talent aktorski?;LuÅºne;NIE;TAK
dyl011;Wolisz mieÄ‡ moÅ¼liwoÅ›Ä‡ zmiany pogody na jeden dzieÅ„ czy zmiany swojego wyglÄ…du na ten dzieÅ„?;Dylematy;ZMIANA POGODY;ZMIANA WYGLÄ„DU
wol023;Wolisz graÄ‡ w gry planszowe czy komputerowe?;Wolisz;GRY PLANSZOWE;GRY KOMPUTEROWE
pre021;Jak czÄ™sto rozwiÄ…zywaÅ‚eÅ› zadania lub Å‚amigÅ‚Ã³wki?;PrzeszÅ‚oÅ›Ä‡;RZADKO;CZÄ˜STO
luz014;Czy zdarza ci siÄ™ zasnÄ…Ä‡ w dziwnych miejscach?;LuÅºne;NIE;TAK
zwi015;Czy czujesz siÄ™ doceniony za codzienne drobiazgi?;ZwiÄ…zkowe;NIE;TAK
swi015;Twoim zdaniem spoÅ‚eczeÅ„stwo powinno byÄ‡ bardziej oparte na wspÃ³Å‚pracy czy rywalizacji?;ÅšwiatopoglÄ…dowe;WSPÃ“ÅPRACY;RYWALIZACJI
wol024;Wolisz oglÄ…daÄ‡ komedie czy thrillery?;Wolisz;KOMEDIE;THRILLERY
swi016;UwaÅ¼asz, Å¼e internet powinien byÄ‡ wolny i nieograniczony?;ÅšwiatopoglÄ…dowe;NIE;TAK
wol025;Wolisz mieÄ‡ duÅ¼o znajomych czy kilku bliskich przyjaciÃ³Å‚?;Wolisz;DUÅ»O ZNAJOMYCH;KILKU PRZYJACIÃ“Å
swi017;Czy uwaÅ¼asz, Å¼e wolnoÅ›Ä‡ jednostki powinna mieÄ‡ swoje granice?;ÅšwiatopoglÄ…dowe;NIE;TAK
swi018;Czy uwaÅ¼asz, Å¼e mÅ‚odzi ludzie powinni czÄ™Å›ciej angaÅ¼owaÄ‡ siÄ™ spoÅ‚ecznie?;ÅšwiatopoglÄ…dowe;NIE;TAK
dyl012;Wolisz nigdy nie odczuwaÄ‡ gÅ‚odu czy nigdy nie odczuwaÄ‡ zmÄ™czenia?;Dylematy;NIE ODCZUWAÄ† GÅODU;NIE ODCZUWAÄ† ZMÄ˜CZENIA
luz015;Czy chciaÅ‚byÅ› pracowaÄ‡ jako tester Å‚Ã³Å¼ek?;LuÅºne;NIE;TAK
wol026;Wolisz byÄ‡ kierowcÄ… czy pasaÅ¼erem?;Wolisz;KIEROWCA;PASAÅ»ER
wol027;Wolisz biegaÄ‡ rano czy wieczorem?;Wolisz;RANO;WIECZOREM
luz016;Czy kiedy coÅ› porzÄ…dkujesz, koÅ„czy siÄ™ to wspominkami?;LuÅºne;NIE;TAK
pik017;Czy jesteÅ› otwarty na zmysÅ‚owe gry i zabawy?;Pikantne;NIE;TAK
luz017;Czy masz specjalnÄ… â€pozycjÄ™ do scrollowania telefonuâ€?;LuÅºne;NIE;TAK
swi019;UwaÅ¼asz, Å¼e technologia przynosi wiÄ™cej dobra czy zÅ‚a?;ÅšwiatopoglÄ…dowe;DOBRA;ZÅA
fun017;Czy zdarza ci siÄ™ zgubiÄ‡ coÅ›, co trzymasz w rÄ™ce?;Åšmieszne;NIE;TAK
wol028;Wolisz czytaÄ‡ ksiÄ…Å¼kÄ™ wieczorem czy rano?;Wolisz;WIECZOREM;RANO
pre022;ByÅ‚eÅ› zadowolony z relacji z nauczycielami?;PrzeszÅ‚oÅ›Ä‡;NIE;TAK
zwi016;Czy masz potrzebÄ™ ciÄ…gÅ‚ego kontaktu z partnerem?;ZwiÄ…zkowe;NIE;TAK
pik018;Czy lubisz zmysÅ‚owe niespodzianki?;Pikantne;NIE;TAK
swi020;Jak bardzo waÅ¼na jest dla Ciebie wolnoÅ›Ä‡ sÅ‚owa?;ÅšwiatopoglÄ…dowe;MAÅO;BARDZO
fun018;Czy Twoja lodÃ³wka bywa otwierana bez powodu (tak po prostu)?;Åšmieszne;NIE;TAK
pre023;Czy baÅ‚eÅ› siÄ™ ciemnoÅ›ci?;PrzeszÅ‚oÅ›Ä‡;NIE;TAK
zwi017;Czy potrafisz oddzieliÄ‡ wÅ‚asne emocje od emocji partnera?;ZwiÄ…zkowe;NIE;TAK
zwi018;Czy Å‚atwo siÄ™ obraÅ¼asz w relacjach?;ZwiÄ…zkowe;NIE;TAK
fun019;Czy potrafisz przez przypadek kliknÄ…Ä‡ â€wyÅ›lijâ€, zanim skoÅ„czysz pisaÄ‡ wiadomoÅ›Ä‡?;Åšmieszne;NIE;TAK
swi021;Czy uwaÅ¼asz, Å¼e bogactwo powinno byÄ‡ bardziej rÃ³wnomiernie rozdzielone?;ÅšwiatopoglÄ…dowe;NIE;TAK
swi022;UwaÅ¼asz, Å¼e patriotyzm jest nadal waÅ¼ny?;ÅšwiatopoglÄ…dowe;NIE;TAK
fun020;Czy zdarza Ci siÄ™ byÄ‡ pewnym, Å¼e coÅ› gdzieÅ› poÅ‚oÅ¼yÅ‚eÅ›, a potem okazuje siÄ™, Å¼e masz to w rÄ™ce?;Åšmieszne;NIE;TAK
pik019;Czy lubisz rozmowy o seksie?;Pikantne;NIE;TAK
luz018;Czy masz na sumieniu coÅ› dziwnego z dzieciÅ„stwa?;LuÅºne;NIE;TAK
pre024;Czy lubiÅ‚eÅ› braÄ‡ udziaÅ‚ w szkolnych przedstawieniach?;PrzeszÅ‚oÅ›Ä‡;NIE;TAK
fun021;Czy zdarza Ci siÄ™ Å›miaÄ‡ w zupeÅ‚nie nieodpowiednich momentach?;Åšmieszne;NIE;TAK
pre025;Jak czÄ™sto czuÅ‚eÅ› siÄ™ zmotywowany do nauki?;PrzeszÅ‚oÅ›Ä‡;RZADKO;CZÄ˜STO
wol029;Wolisz sÅ‚uchaÄ‡ muzyki na sÅ‚uchawkach czy na gÅ‚oÅ›nikach?;Wolisz;NA SÅUCHAWKACH;NA GÅOÅšNIKU
pre026;Czy czÄ™sto chodziÅ‚eÅ› na wagary?;PrzeszÅ‚oÅ›Ä‡;NIE;TAK
pik020;Czy lubisz pikantne Å¼arty i aluzje w rozmowie?;Pikantne;NIE;TAK
zwi019;Czy lubisz planowaÄ‡ wspÃ³lny czas z wyprzedzeniem?;ZwiÄ…zkowe;NIE;TAK
wol030;Wolisz byÄ‡ mistrzem jednej rzeczy czy byÄ‡ lekko ponad przeciÄ™tnym, ale w wielu rzeczach?;Wolisz;MISTRZ JEDNEJ RZECZY;DOBRY WE WSZYSTKIM
wol031;Wolisz spÄ™dzaÄ‡ czas w mieÅ›cie czy na wsi?;Wolisz;MIASTO;WIEÅš
wol032;Wolisz lato peÅ‚ne sÅ‚oÅ„ca czy lekki deszcz?;Wolisz;PEÅNE SÅOÅƒCE;LEKKI DESZCZ
wol033;Wolisz spacerowaÄ‡ po lesie czy nad morzem?;Wolisz;PO LESIE;NAD MORZEM
swi023;Czy zgadzasz siÄ™, Å¼e czÅ‚owiek jest odpowiedzialny za los planety?;ÅšwiatopoglÄ…dowe;NIE;TAK
swi024;Czy uwaÅ¼asz, Å¼e kaÅ¼dy czÅ‚owiek zasÅ‚uguje na drugÄ… szansÄ™?;ÅšwiatopoglÄ…dowe;NIE;TAK
luz019;Czy lubisz robiÄ‡ notatki, ktÃ³rych nigdy nie czytasz?;LuÅºne;NIE;TAK
dyl013;Wolisz byÄ‡ najzabawniejszÄ… osobÄ… w grupie czy najbardziej powaÅ¼nÄ…?;Dylematy;NAJZABAWNIEJSZÄ„;NAJPOWAÅ»NIEJSZÄ„
swi025;UwaÅ¼asz, Å¼e kaÅ¼dy powinien ponosiÄ‡ odpowiedzialnoÅ›Ä‡ za swoje czyny?;ÅšwiatopoglÄ…dowe;NIE;TAK
swi026;Popierasz ideÄ™ wolnoÅ›ci religijnej?;ÅšwiatopoglÄ…dowe;NIE;TAK
pik021;Czy lubisz zaskakiwaÄ‡ partnera czymÅ› pikantnym?;Pikantne;NIE;TAK
pre027;Czy pamiÄ™tasz swoje dzieciÄ™ce marzenia o przyszÅ‚oÅ›ci?;PrzeszÅ‚oÅ›Ä‡;NIE;TAK
swi027;Czy wierzysz, Å¼e kaÅ¼dy ma wpÅ‚yw na swojÄ… przyszÅ‚oÅ›Ä‡?;ÅšwiatopoglÄ…dowe;NIE;TAK
pre028;Czy pamiÄ™tasz swÃ³j pierwszy dzieÅ„ w szkole?;PrzeszÅ‚oÅ›Ä‡;NIE;TAK
wol034;Wolisz czytaÄ‡ ksiÄ…Å¼ki papierowe czy sÅ‚uchaÄ‡ audiobookÃ³w?;Wolisz;PAPIEROWE KSIÄ„Å»KI;AUDIOBOOKI
fun022;Czy Twoje zwierzÄ™ta czasem patrzÄ… na Ciebie, jakbyÅ› byÅ‚ dziwny?;Åšmieszne;NIE;TAK
swi028;Czy uwaÅ¼asz, Å¼e sztuka ma realny wpÅ‚yw na zmianÄ™ spoÅ‚ecznÄ…?;ÅšwiatopoglÄ…dowe;NIE;TAK
wol035;Wolisz wstawaÄ‡ wczeÅ›nie czy spaÄ‡ do pÃ³Åºna?;Wolisz;WCZEÅšNIE;PÃ“Å¹NO
pik022;Czy czujesz siÄ™ swobodnie mÃ³wiÄ…c â€nieâ€ nawet w intymnej sytuacji?;Pikantne;NIE;TAK
zwi020;Czy w zwiÄ…zku czujesz siÄ™ swobodnie mÃ³wiÄ…c o swoich marzeniach?;ZwiÄ…zkowe;NIE;TAK
pik023;Czy cisza w zbliÅ¼eniu jest dla Ciebie bardziej zmysÅ‚owa niÅ¼ sÅ‚owa?;Pikantne;NIE;TAK
zwi021;Czy potrafisz utrzymaÄ‡ relacjÄ™ na odlegÅ‚oÅ›Ä‡?;ZwiÄ…zkowe;NIE;TAK
pik024;Czy lubisz przesyÅ‚aÄ‡ pikantne wiadomoÅ›ci?;Pikantne;NIE;TAK
pre029;Czy byÅ‚eÅ› typem dziecka, ktÃ³re baÅ‚o siÄ™ ciemnoÅ›ci?;PrzeszÅ‚oÅ›Ä‡;NIE;TAK
dyl014;Wolisz mieÄ‡ gigantyczne stopy czy malutkie rÄ™ce?;Dylematy;GIGANTYCZNE STOPY;MALUTKIE RÄ˜CE
fun023;Czy zdarza Ci siÄ™ zjeÅ›Ä‡ coÅ› bardzo ostrego i potem udawaÄ‡, Å¼e nic siÄ™ nie dzieje?;Åšmieszne;NIE;TAK
fun024;Czy Twoje rÄ™ce czasem nie wiedzÄ…, co robiÄ… â€“ np. wylewajÄ…c sok na klawiaturÄ™?;Åšmieszne;NIE;TAK
wol036;Wolisz chodziÄ‡ do kina na nowe premiery czy czekaÄ‡ na premierÄ™ w domu?;Wolisz;W KINIE;W DOMU
pre030;CzuÅ‚eÅ› siÄ™ pewnie podczas wystÄ…pieÅ„ publicznych?;PrzeszÅ‚oÅ›Ä‡;NIE;TAK
pik025;Czy czujesz siÄ™ komfortowo przejmujÄ…c peÅ‚nÄ… kontrolÄ™ w sypialni?;Pikantne;NIE;TAK
zwi022;Czy ufasz swojej intuicji w relacjach?;ZwiÄ…zkowe;NIE;TAK
swi029;Czy wierzysz w karmÄ™?;ÅšwiatopoglÄ…dowe;NIE;TAK
luz020;Czy w dzieciÅ„stwie prÃ³bowaÅ‚eÅ› uÅ¼ywaÄ‡ siÅ‚y woli jak Jedi?;LuÅºne;NIE;TAK
pre031;CzÄ™sto zdarzaÅ‚o Ci siÄ™ byÄ‡ kapitanem druÅ¼yny lub grupy?;PrzeszÅ‚oÅ›Ä‡;NIE;TAK
zwi023;Wolisz rozwiÄ…zywaÄ‡ konflikty od razu czy odkÅ‚adaÄ‡ je na pÃ³Åºniej?;ZwiÄ…zkowe;OD RAZU;ODKÅADAÄ†
luz021;Czy traktujesz powaÅ¼nie quizy typu â€KtÃ³rÄ… pizzÄ… jesteÅ›?â€?;LuÅºne;NIE;TAK
zwi024;Czy potrafisz przyznaÄ‡ siÄ™ do bÅ‚Ä™du w relacji?;ZwiÄ…zkowe;NIE;TAK
swi030;Czy uwaÅ¼asz, Å¼e ludzie majÄ… obowiÄ…zek pomagaÄ‡ obcym?;ÅšwiatopoglÄ…dowe;NIE;TAK
swi031;Czy uwaÅ¼asz, Å¼e wolnoÅ›Ä‡ sÅ‚owa powinna mieÄ‡ ograniczenia?;ÅšwiatopoglÄ…dowe;NIE;TAK
swi032;Czy wierzysz w rÃ³wnoÅ›Ä‡ wszystkich ludzi, bez wzglÄ™du na pochodzenie?;ÅšwiatopoglÄ…dowe;NIE;TAK
fun025;Czy Twoje rozmowy w windzie trwajÄ… wieki, mimo Å¼e jadÄ… dwa piÄ™tra?;Åšmieszne;NIE;TAK
dyl015;Wolisz mieÄ‡ moÅ¼liwoÅ›Ä‡ cofania czasu o 5 minut raz dziennie czy przewidywania przyszÅ‚oÅ›ci na 10 sekund?;Dylematy;COFANIE 5 MINUT;PRZEWIDYWANIE 10 SEKUND
dyl016;Wolisz nigdy nie sÅ‚yszeÄ‡ muzyki czy nigdy nie widzieÄ‡ filmÃ³w?;Dylematy;NIGDY MUZYKA;NIGDY FILM
pre032;Czy czÄ™sto odwiedzaÅ‚eÅ› dziadkÃ³w lub dalszÄ… rodzinÄ™?;PrzeszÅ‚oÅ›Ä‡;NIE;TAK
zwi025;Czy lubisz wracaÄ‡ do wspomnieÅ„ z poczÄ…tku relacji?;ZwiÄ…zkowe;NIE;TAK
dyl017;Wolisz mieÄ‡ super pamiÄ™Ä‡ do liczb czy do twarzy?;Dylematy;LICZBY;TWARZE
luz022;Czy miaÅ‚eÅ› kiedyÅ› wymyÅ›lonego przyjaciela?;LuÅºne;NIE;TAK
pre033;Czy czÄ™sto dostawaÅ‚eÅ› uwagi od nauczycieli?;PrzeszÅ‚oÅ›Ä‡;NIE;TAK
pik026;Czy bycie zaskoczonym w sypialni sprawia Ci wiÄ™kszÄ… przyjemnoÅ›Ä‡ niÅ¼ planowanie?;Pikantne;NIE;TAK
pre034;Czy pamiÄ™tasz swoje ulubione zabawy z dzieciÅ„stwa?;PrzeszÅ‚oÅ›Ä‡;NIE;TAK
swi033;Czy zgadzasz siÄ™ z tym, Å¼e kaÅ¼dy czÅ‚owiek powinien sÅ‚uÅ¼yÄ‡ spoÅ‚eczeÅ„stwu w jakiÅ› sposÃ³b?;ÅšwiatopoglÄ…dowe;NIE;TAK
pre035;Czy miaÅ‚eÅ› problemy ze wstawaniem rano do szkoÅ‚y?;PrzeszÅ‚oÅ›Ä‡;NIE;TAK
dyl018;Wolisz spÄ™dziÄ‡ tydzieÅ„ w caÅ‚kowitej ciszy czy w ciÄ…gÅ‚ym haÅ‚asie?;Dylematy;CISZA;HAÅAS
fun026;Czy zdarza Ci siÄ™ Å›miaÄ‡ z czegoÅ›, czego nikt inny nie rozumie?;Åšmieszne;NIE;TAK
pik027;Czy potrafisz otwarcie mÃ³wiÄ‡ o swoich granicach w intymnoÅ›ci?;Pikantne;NIE;TAK
fun027;Czy Twoje rÄ™ce czasem same coÅ› przewracajÄ… i patrzysz na nie z niedowierzaniem?;Åšmieszne;NIE;TAK
zwi026;Czy mÃ³wisz wprost, gdy coÅ› Ci nie pasuje w relacji?;ZwiÄ…zkowe;NIE;TAK
swi034;Jak bardzo cenisz sobie tolerancjÄ™ wobec innych kultur?;ÅšwiatopoglÄ…dowe;MAÅO;BARDZO
luz023;Czy chciaÅ‚eÅ› byÄ‡ bohaterem kreskÃ³wki?;LuÅºne;NIE;TAK
pre036;Jak bardzo lubiÅ‚eÅ› czytaÄ‡ ksiÄ…Å¼ki jako dziecko?;PrzeszÅ‚oÅ›Ä‡;NIE LUBIÅEM;LUBIÅEM
wol037;Wolisz mieÄ‡ 1 godzinÄ™ wiÄ™cej snu czy 1 godzinÄ™ wiÄ™cej wolnego czasu?;Wolisz;SEN;WOLNY CZAS
fun028;Czy zdarza Ci siÄ™ myliÄ‡ dni tygodnia?;Åšmieszne;NIE;TAK
fun029;Czy zdarza Ci siÄ™ robiÄ‡ zakupy z pustym brzuchem?;Åšmieszne;NIE;TAK
dyl019;Wolisz mÃ³c cofnÄ…Ä‡ jednÄ… rozmowÄ™ z przeszÅ‚oÅ›ci czy przewidzieÄ‡ wynik jednej przyszÅ‚ej rozmowy?;Dylematy;COFNÄ„Ä†;PRZEWIDZIEÄ†
swi035;Jak bardzo popierasz rÃ³wne prawa dla osÃ³b LGBTQ+?;ÅšwiatopoglÄ…dowe;NIE POPIERAM;POPIERAM
swi036;Czy uwaÅ¼asz, Å¼e dostÄ™p do internetu powinien byÄ‡ prawem czÅ‚owieka?;ÅšwiatopoglÄ…dowe;NIE;TAK
pre037;Ty Å›miaÅ‚eÅ› z dowcipÃ³w kolegÃ³w w szkole, czy to koledzy Å›miali siÄ™ z twoich dowcipÃ³w?;PrzeszÅ‚oÅ›Ä‡;JA Z KOLEGÃ“W;KOLEDZY Z MOICH
zwi027;Czy lubisz wspÃ³lne zdjÄ™cia i pamiÄ…tki?;ZwiÄ…zkowe;NIE;TAK
swi037;Czy uwaÅ¼asz, Å¼e demokracja to najlepszy system polityczny?;ÅšwiatopoglÄ…dowe;NIE;TAK
dyl020;Wolisz mieszkaÄ‡ na ksiÄ™Å¼ycu czy pod wodÄ…?;Dylematy;NA KSIÄ˜Å»YCU;POD WODÄ„
fun030;Czy zdarza Ci siÄ™ myÅ›leÄ‡, Å¼e lodÃ³wka to najlepszy przyjaciel?;Åšmieszne;NIE;TAK
fun031;Czy Twoja ulubiona czynnoÅ›Ä‡ to przekÅ‚adanie rzeczy z miejsca na miejsce bez powodu?;Åšmieszne;NIE;TAK
dyl021;Wolisz jeÅ›Ä‡ tylko sÅ‚odycze przez miesiÄ…c czy tylko warzywa?;Dylematy;SÅODYCZE;WARZYWA
wol038;Wolisz spÄ™dzaÄ‡ Å›wiÄ™ta w domu czy na wyjeÅºdzie?;Wolisz;W DOMU;NA WYJEÅ¹DZIE
pik028;Czy potrafisz zbudowaÄ‡ napiÄ™cie jednym gestem?;Pikantne;NIE;TAK
luz024;Czy byÅ‚byÅ› w stanie wygraÄ‡ zawody w robieniu najbardziej absurdalnej miny?;LuÅºne;NIE;TAK
dyl022;Wolisz mÃ³c zmieniaÄ‡ swÃ³j wyglÄ…d codziennie czy zmieniaÄ‡ gÅ‚os na dowolny?;Dylematy;WYGLÄ„D;GÅOS
fun032;Czy zdarza Ci siÄ™ mÃ³wiÄ‡ 'gdzie mÃ³j telefon?!' â€“ trzymajÄ…c go w rÄ™ce?;Åšmieszne;NIE;TAK
dyl023;Wolisz jeÅ›Ä‡ tylko sÅ‚odkie przez tydzieÅ„ czy tylko sÅ‚one?;Dylematy;SÅODKIE;SÅONE
dyl024;Wolisz, Å¼eby TwÃ³j telefon miaÅ‚ zawsze 10% baterii czy byÅ‚ zawsze wyciszony?;Dylematy;10% BATERII;WYCISZONY
swi038;Czy zgadzasz siÄ™ z ideÄ…, Å¼e kaÅ¼dy czÅ‚owiek ma prawo do szczÄ™Å›cia?;ÅšwiatopoglÄ…dowe;NIE;TAK
luz025;Czy czÄ™sto nadajesz imiona przedmiotom w swoim domu?;LuÅºne;NIE;TAK
fun033;Czy TwÃ³j Å›miech rozÅ›miesza innych bardziej niÅ¼ Å¼art?;Åšmieszne;NIE;TAK
dyl025;Wolisz zostaÄ‡ bohaterem filmu akcji czy komedii romantycznej?;Dylematy;FILM AKCJI;KOMEDIA ROMANTYCZNA
luz026;Czy kiedyÅ› uczyÅ‚eÅ› siÄ™ czegoÅ› tylko po to, Å¼eby zaimponowaÄ‡ komuÅ›?;LuÅºne;NIE;TAK
wol039;Wolisz gotowaÄ‡ sam czy jeÅ›Ä‡ na mieÅ›cie?;Wolisz;GOTOWAÄ† SAM;JEÅšÄ† NA MIEÅšCIE
pre038;Czy braÅ‚eÅ› udziaÅ‚ w sportowych klubach szkolnychlub zajÄ™ciach dodatkowych?;PrzeszÅ‚oÅ›Ä‡;NIE;TAK
pik029;Czy jesteÅ› otwarty na wspÃ³lne odkrywanie nowych fantazji?;Pikantne;NIE;TAK
pik030;Czy potrafisz wyczytaÄ‡ intencje z ciaÅ‚a drugiej osoby?;Pikantne;NIE;TAK
dyl026;Wolisz zawsze zapominaÄ‡ twarze znajomych czy ich imiona?;Dylematy;TWARZE;IMIONA
fun034;Czy potrafisz wyobraziÄ‡ sobie Å¼ycie bez kawy?;Åšmieszne;NIE MA SZANS;NA LUZIE
dyl027;Wolisz byÄ‡ bohaterem ksiÄ…Å¼ki czy filmu?;Dylematy;KSIÄ„Å»KI;FILMU
swi039;Jak bardzo zgadzasz siÄ™ z zasadÄ… â€˜oko za okoâ€™?;ÅšwiatopoglÄ…dowe;W OGÃ“LE;W PEÅNI
zwi028;Czy lubisz dzieliÄ‡ siÄ™ codziennymi szczegÃ³Å‚ami ze swoim partnerem?;ZwiÄ…zkowe;NIE;TAK
wol040;Wolisz wakacje w gÃ³rach czy nad jeziorem?;Wolisz;GÃ“RY;JEZIORO
wol041;Wolisz lato czy zimÄ™?;Wolisz;LATO;ZIMA
swi040;Czy uwaÅ¼asz, Å¼e media spoÅ‚ecznoÅ›ciowe majÄ… pozytywny wpÅ‚yw na spoÅ‚eczeÅ„stwo?;ÅšwiatopoglÄ…dowe;NIE;TAK
luz027;Zdarza Ci siÄ™ planowaÄ‡ rzeczy, ktÃ³rych i tak nigdy nie zrealizujesz?;LuÅºne;RZADKO;CZÄ˜STO
wol042;Wolisz sÅ‚uchaÄ‡ muzyki pop czy rock?;Wolisz;POP;ROCK
pre039;Jak bardzo lubiÅ‚eÅ› zajÄ™cia pozalekcyjne?;PrzeszÅ‚oÅ›Ä‡;NIE LUBIÅEM;LUBIÅEM
zwi029;Czy potrafisz zakochaÄ‡ siÄ™ od pierwszego wejrzenia?;ZwiÄ…zkowe;NIE;TAK
swi041;Czy zgadzasz siÄ™ z tym, Å¼e ludzie powinni mieÄ‡ prawo do eutanazji?;ÅšwiatopoglÄ…dowe;NIE ZGADZAM SIÄ˜;ZGADZAM SIÄ˜
luz028;Czy potrafisz wytrzymaÄ‡ caÅ‚y dzieÅ„ bez narzekania?;LuÅºne;NIE;TAK
pre040;Jak czÄ™sto zdarzaÅ‚o Ci siÄ™ odrabiaÄ‡ lekcje na ostatniÄ… chwilÄ™?;PrzeszÅ‚oÅ›Ä‡;NIGDY;ZAWSZE
fun035;Czy Twoje myÅ›li odpÅ‚ywajÄ… w kosmos, gdy ktoÅ› coÅ› tÅ‚umaczy?;Åšmieszne;ZAWSZE MYÅšLÄ˜ O CZYMÅš INNYM;ZAWSZE SÅUCHAM UWAÅ»NIE
pre041;Czy byÅ‚eÅ› osobÄ…, ktÃ³ra Å‚atwo nawiÄ…zywaÅ‚a nowe znajomoÅ›ci?;PrzeszÅ‚oÅ›Ä‡;NIE;TAK
swi042;Czy uwaÅ¼asz, Å¼e rozwÃ³j cywilizacji wpÅ‚ywa negatywnie na naturÄ™?;ÅšwiatopoglÄ…dowe;NIE;TAK
luz029;Czy Twoje sny czasem majÄ… wiÄ™cej sensu niÅ¼ rzeczywistoÅ›Ä‡?;LuÅºne;NIE UWAÅ»AM TAK;CZÄ˜STO TAK JEST
pik031;Czy lubisz eksperymentowaÄ‡ z miejscem i czasem zbliÅ¼enia?;Pikantne;NIE;TAK
fun036;Jak czÄ™sto udajesz, Å¼e rozumiesz, o czym ktoÅ› mÃ³wi?;Åšmieszne;NIGDY;ZAWSZE
pre042;Czy byÅ‚eÅ› zadowolony z relacji z kolegami lub koleÅ¼ankami?;PrzeszÅ‚oÅ›Ä‡;NIE;TAK
luz030;Czy masz w sobie coÅ› z leniwca... nawet gdy prÃ³bujesz byÄ‡ produktywny?;LuÅºne;NIE;TAK
zwi030;Czy potrafisz mÃ³wiÄ‡ o swoich granicach w zwiÄ…zku?;ZwiÄ…zkowe;NIE;TAK
swi043;Jak bardzo religijny jesteÅ›?;ÅšwiatopoglÄ…dowe;W OGÃ“LE;BARDZO
fun037;Czy zdarza Ci siÄ™ wÅ‚Ä…czyÄ‡ czajnik, zapomnieÄ‡ o nim i zrobiÄ‡ to jeszcze raz?;Åšmieszne;NIGDY;CZÄ˜STO
wol043;Wolisz czytaÄ‡ ksiÄ…Å¼ki papierowe czy e-booki?;Wolisz;PAPIEROWE;E-BOOKI
zwi031;Czy potrafisz rozpoznaÄ‡ emocje drugiej osoby bez sÅ‚Ã³w?;ZwiÄ…zkowe;NIE;TAK
pre043;Czy czÄ™sto siÄ™gaÅ‚eÅ› po pomoc rodzicÃ³w przy odrabianiu lekcji?;PrzeszÅ‚oÅ›Ä‡;NIE;TAK
fun038;Czy zdarza Ci siÄ™ odebraÄ‡ telefon i zapomnieÄ‡, kto dzwoniÅ‚, zanim siÄ™ przedstawi?;Åšmieszne;NIE;TAK
zwi032;Czy czujesz siÄ™ bezpiecznie, bÄ™dÄ…c sobÄ… przy partnerze?;ZwiÄ…zkowe;NIE;TAK
luz031;Czy potrafisz wyjÅ›Ä‡ z domu i sprawdzaÄ‡ trzy razy, czy masz klucze?;LuÅºne;RAZ WYSTARCZY;NAWET 4 RAZY
swi044;Na ile zgadzasz siÄ™ z tym, Å¼e granice wolnoÅ›ci koÅ„czÄ… siÄ™ tam, gdzie zaczyna siÄ™ krzywda drugiego czÅ‚owieka?;ÅšwiatopoglÄ…dowe;NIE;TAK
pik032;Czy przywiÄ…zanie emocjonalne zwiÄ™ksza Twoje poÅ¼Ä…danie?;Pikantne;NIE;TAK
wol044;Wolisz mieÄ‡ staÅ‚y plan dnia czy dziaÅ‚aÄ‡ spontanicznie?;Wolisz;STAÅY PLAN;SPONTAN
luz032;Czy zdarza Ci siÄ™ rozmawiaÄ‡ z psem lub kotem jak z czÅ‚owiekiem?;LuÅºne;NIE;TAK
wol045;Wolisz mieÄ‡ super pamiÄ™Ä‡ czy super szybkoÅ›Ä‡?;Wolisz;SUPER PAMIÄ˜Ä†;SUPER SZYBKOÅšÄ†
pre044;Na wakacje jeÅºdziÅ‚eÅ› czÄ™Å›ciej nad morze czy w gÃ³ry?;PrzeszÅ‚oÅ›Ä‡;NAD MORZE;W GÃ“RY
pre045;Jako dziecko bawiÅ‚eÅ› siÄ™ wiÄ™cej na dworze czy w domu?;PrzeszÅ‚oÅ›Ä‡;NA DWORZE;W DOMU
pre046;Czy czÄ™sto sÅ‚uchasz muzyki lub oglÄ…dasz filmy z dzieciÅ„stwa?;PrzeszÅ‚oÅ›Ä‡;NIE;TAK
luz033;Czy zdarza Ci siÄ™ coÅ› zepsuÄ‡ i udawaÄ‡, Å¼e to nie Ty?;LuÅºne;NIE;NIEEEâ€¦ ğŸ¤«
swi045;Czy wierzysz, Å¼e kaÅ¼dy czÅ‚owiek ma w sobie coÅ› dobrego?;ÅšwiatopoglÄ…dowe;NIE;TAK
luz034;Zdarza Ci siÄ™ wÅ‚Ä…czyÄ‡ film i zasnÄ…Ä‡ przed koÅ„cem czoÅ‚Ã³wki?;LuÅºne;NIE;TAK
wol046;Wolisz oglÄ…daÄ‡ filmy w domu czy w kinie?;Wolisz;W DOMU;W KINIE
fun039;Czy TwÃ³j mÃ³zg czasem robi przerwÄ™ bez pytania?;Åšmieszne;WÅAÅšNIE MA PRZERWÄ˜;MÃ“ZG DZIAÅA SPRAWNIE
wol047;Wolisz mieÄ‡ psa czy kota?;Wolisz;PIES;KOT
dyl028;Wolisz mÃ³wiÄ‡ tylko w rymach czy tylko Å›piewaÄ‡?;Dylematy;MÃ“WIÄ† W RYMACH;ÅšPIEWAÄ†
pik033;Czy waÅ¼na jest dla Ciebie chemia fizyczna zwiÄ…zku?;Pikantne;NIE;TAK
zwi033;Czy dobrze przyjmujesz krytykÄ™ od bliskiej osoby?;ZwiÄ…zkowe;NIE;TAK
dyl029;WolaÅ‚byÅ› mieszkaÄ‡ w przyszÅ‚oÅ›ci czy w przeszÅ‚oÅ›ci?;Dylematy;W PRZYSZÅOÅšCI;W PRZESZÅOÅšCI
wol048;Wolisz sÅ‚uchaÄ‡ muzyki na Å¼ywo na koncercie czy z nagrania?;Wolisz;NA Å»YWO;Z NAGRANIA
zwi034;Czy pamiÄ™tasz waÅ¼ne daty w zwiÄ…zku?;ZwiÄ…zkowe;NIE;TAK
pre047;Czy lubiÅ‚eÅ› spÄ™dzaÄ‡ czas z rodzeÅ„stwem?;PrzeszÅ‚oÅ›Ä‡;NIE;TAK
wol049;Wolisz rozwiÄ…zywaÄ‡ krzyÅ¼Ã³wki czy sudoku?;Wolisz;KRZYÅ»Ã“WKI;SUDOKU
fun040;Czy zdarza Ci siÄ™ wciskaÄ‡ 'drzemkÄ™' tyle razy, Å¼e spÃ³Åºniasz siÄ™ wszÄ™dzie?;Åšmieszne;NIE;TAK
swi046;Czy zgadzasz siÄ™ z tym, Å¼e trudnoÅ›ci mÅ‚odych ludzi sÄ… niedoceniane?;ÅšwiatopoglÄ…dowe;NIE;TAK
pik034;Czy potrafisz caÅ‚kowicie poddaÄ‡ siÄ™ drugiej osobie?;Pikantne;NIE;TAK
swi047;Czy zgadzasz siÄ™ z ideÄ…, Å¼e pieniÄ…dze szczÄ™Å›cia nie dajÄ…?;ÅšwiatopoglÄ…dowe;NIE;TAK
luz035;Potrafisz zrobiÄ‡ obiad z tego, co akurat masz w lodÃ³wce, czy musisz zawsze pÃ³jÅ›Ä‡ na zakupy?;LuÅºne;OBIAD Z TEGO CO JEST;ZAKUPY ZA KAÅ»DYM RAZEM
fun041;Czy masz talent do rozlewania napojÃ³w w najbardziej nieodpowiednich momentach?;Åšmieszne;NIE;TAK
zwi035;Czy zazdroÅ›Ä‡ to dla Ciebie naturalny element zwiÄ…zku?;ZwiÄ…zkowe;NIE;TAK
fun042;Czy rozmawiasz czasami ze sprzÄ™tami domowymi?;Åšmieszne;NIE;TAK
pik035;Czy Twoja wyobraÅºnia erotyczna zmienia siÄ™ z czasem?;Pikantne;NIE;TAK
fun043;Czy zdarza Ci siÄ™ myÅ›leÄ‡ o jedzeniu juÅ¼ 5 minut po zjedzeniu obiadu?;Åšmieszne;NIE;TAK
pik036;Czy Twoje fantazje sÄ… bardziej filmowe czy realistyczne?;Pikantne;FILMOWE;REALISTYCZNE
fun044;Czy potrafisz przez pomyÅ‚kÄ™ polubiÄ‡ stary post z 2013 roku?;Åšmieszne;NIE;TAK
wol050;Wolisz robiÄ‡ zdjÄ™cia czy pozowaÄ‡ do zdjÄ™Ä‡?;Wolisz;ROBIÄ†;POZOWAÄ†
zwi036;Czy Å‚atwo przywiÄ…zujesz siÄ™ do drugiej osoby?;ZwiÄ…zkowe;NIE;TAK
swi048;Jak bardzo ufasz mediom?;ÅšwiatopoglÄ…dowe;NIE UFAM W OGÃ“LE;UFAM W PEÅNI
fun045;Czy Twoje zdjÄ™cie w dowodzie wyglÄ…da jakbyÅ› byÅ‚ poszukiwany?;Åšmieszne;NIE;TAK
pre048;Czy czÄ™sto pocieszaÅ‚eÅ› kolegÃ³w i koleÅ¼anki?;PrzeszÅ‚oÅ›Ä‡;NIE;TAK
wol051;Wolisz zwierzÄ™ta domowe czy egzotyczne?;Wolisz;DOMOWE;EGZOTYCZNE
dyl030;Wolisz gry offline czy online?;Dylematy;OFFLINE;ONLINE
dyl031;Wolisz, Å¼eby kaÅ¼dy sÅ‚yszaÅ‚ Twoje myÅ›li czy Å¼ebyÅ› Ty sÅ‚yszaÅ‚ myÅ›li wszystkich?;Dylematy;WSZYSCY TWOJE;TY WSZYSTKICH
zwi037;Czy wolisz spÄ™dzaÄ‡ czas sam na sam czy w towarzystwie znajomych?;ZwiÄ…zkowe;SAM NA SAM;ZE ZNAJOMYMI
luz036;Czy lubisz rozwiÄ…zywaÄ‡ quizy, ktÃ³re niczego nie wnoszÄ…?;LuÅºne;NIE;TAK
fun046;Czy Å›piewasz nawet jeÅ›li nie znasz tekstu piosenki?;Åšmieszne;TYLKO KIEDY ZNAM TEKST;ÅšPIEWAM TAK CZY INACZEJ
dyl032;Wolisz mieÄ‡ zawsze poplÄ…tany kabel od sÅ‚uchawek czy nigdy nie mÃ³c znaleÅºÄ‡ Å‚adowarki?;Dylematy;POPLÄ„TANE SÅUCHAWKI;ZGUBIONA ÅADOWARKA
zwi038;Czy czÄ™sto rozczulasz siÄ™ nad romantycznymi filmami?;ZwiÄ…zkowe;NIE;TAK
dyl033;Wolisz zawsze zapominaÄ‡ imion czy twarzy?;Dylematy;ZAPOMINAÄ† IMION;ZAPOMINAÄ† TWARZY
wol052;Wolisz podrÃ³Å¼owaÄ‡ samolotem czy samochodem?;Wolisz;SAMOLOTEM;SAMOCHODEM
zwi039;Czy wspÃ³lne marzenia cementujÄ… dla Ciebie relacjÄ™?;ZwiÄ…zkowe;NIE;TAK
swi049;Czy uwaÅ¼asz, Å¼e spoÅ‚eczeÅ„stwo powinno akceptowaÄ‡ kaÅ¼dy styl Å¼ycia?;ÅšwiatopoglÄ…dowe;NIE;TAK
wol053;Wolisz plaÅ¼Ä™ czy gÃ³ry?;Wolisz;PLAÅ»A;GÃ“RY
wol054;Wolisz piÄ‡ wodÄ™ gazowanÄ… czy niegazowanÄ…?;Wolisz;GAZOWANA;NIEGAZOWANA
wol055;Wolisz nosiÄ‡ ubrania luÅºne czy eleganckie?;Wolisz;LUÅ¹NE;ELEGANCKIE
pre049;Czy czÄ™sto marzyÅ‚eÅ› o byciu kimÅ› wyjÄ…tkowym lub sÅ‚awnym?;PrzeszÅ‚oÅ›Ä‡;NIE;TAK
dyl034;Wolisz nigdy nie mieÄ‡ kaca czy nigdy nie odczuwaÄ‡ zmÄ™czenia?;Dylematy;BRAK KACA;BRAK ZMÄ˜CZENIA
fun047;Czy potrafisz udawaÄ‡ powagÄ™, gdy coÅ› jest naprawdÄ™ gÅ‚upie?;Åšmieszne;NIE;TAK
wol056;Wolisz chodziÄ‡ wolno czy szybko?;Wolisz;WOLNO;SZYBKO
fun048;Czy zdarza Ci siÄ™ powiedzieÄ‡ 'dzieÅ„ dobry' o 22:00?;Åšmieszne;NIE;TAK
swi050;Czy uwaÅ¼asz, Å¼e kaÅ¼dy zasÅ‚uguje na szacunek â€“ niezaleÅ¼nie od poglÄ…dÃ³w?;ÅšwiatopoglÄ…dowe;NIE;TAK
wol057;Wolisz spÄ™dzaÄ‡ wakacje aktywnie czy leniuchujÄ…c?;Wolisz;AKTYWNIE;LENIUCHOWANIE
fun049;Czy masz talent do zapominania, gdzie zostawiÅ‚eÅ› klucze?;Åšmieszne;NIE;TAK
fun050;Czy zdarza Ci siÄ™ zaczÄ…Ä‡ coÅ› robiÄ‡ i zapomnieÄ‡, po co to robiÅ‚eÅ›?;Åšmieszne;NIE;TAK
wol058;Wolisz spÄ™dzaÄ‡ weekend w domu czy na wycieczce?;Wolisz;W DOMU;NA WYCIECZCE
dyl035;Wolisz mieÄ‡ super moc zmiany koloru wÅ‚osÃ³w na Å¼yczenie czy zmiany koloru oczu?;Dylematy;KOLOR WÅOSÃ“W;KOLOR OCZU
luz037;Czy czÄ™sto gubisz rzeczy, ktÃ³re trzymasz w rÄ™ce?;LuÅºne;RZADKO;CZÄ˜STO
fun051;Czy jesteÅ› specjalistÄ… od przewracania siÄ™ o nic?;Åšmieszne;NIE;TAK
pik037;JesteÅ› bardziej dominujÄ…cy czy ulegÅ‚y?;Pikantne;DOMINUJÄ„CY;ULEGÅY
pre050;Czy czÄ™sto siÄ™gaÅ‚eÅ› po sÅ‚odycze jako dziecko?;PrzeszÅ‚oÅ›Ä‡;NIE;TAK
wol059;Wolisz robiÄ‡ zdjÄ™cia czy oglÄ…daÄ‡ zdjÄ™cia?;Wolisz;ROBIÄ†;OGLÄ„DAÄ†
pre051;Jak dobrze pamiÄ™tasz swoje dzieciÄ™ce sukcesy?;PrzeszÅ‚oÅ›Ä‡;NIC NIE PAMIÄ˜TAM;PAMIÄ˜TAM WSZYSTKO
pre052;Czy jesteÅ› zadowolony ze swojego zachowania w dzieciÅ„stwie?;PrzeszÅ‚oÅ›Ä‡;NIE;TAK
swi051;Jak waÅ¼ne sÄ… dla Ciebie tradycje?;ÅšwiatopoglÄ…dowe;NIE SÄ„ WAÅ»NE;BARDZO WAÅ»NE
zwi040;Czy potrafisz dostrzegaÄ‡ rÃ³Å¼nice miÄ™dzy Wami jako coÅ› wartoÅ›ciowego?;ZwiÄ…zkowe;NIE;TAK
fun052;Czy zdarza Ci siÄ™ przypadkowo wÅ‚Ä…czyÄ‡ mikrofon w zÅ‚ych momentach?;Åšmieszne;NIE;TAK
fun053;Czy TwÃ³j pies lub kot czasem patrzy na Ciebie jak na dziwaka?;Åšmieszne;NIE;TAK
swi052;Czy uwaÅ¼asz, Å¼e edukacja powinna uwzglÄ™dniaÄ‡ naukÄ™ empatii?;ÅšwiatopoglÄ…dowe;NIE;TAK
pik038;Czy sytuacje â€zakazaneâ€ bywajÄ… dla Ciebie bardziej ekscytujÄ…ce?;Pikantne;NIE;TAK
swi053;Czy uwaÅ¼asz, Å¼e mÅ‚odzieÅ¼ powinna mieÄ‡ wiÄ™kszy wpÅ‚yw na politykÄ™?;ÅšwiatopoglÄ…dowe;NIE;TAK
swi054;Czy uwaÅ¼asz, Å¼e zmiany klimatu to powaÅ¼ny problem?;ÅšwiatopoglÄ…dowe;NIE;TAK
fun054;Czy TwÃ³j zegar biologiczny Å¼yje wÅ‚asnym Å¼yciem?;Åšmieszne;NIE;TAK
dyl036;Wolisz nigdy nie uÅ¼ywaÄ‡ emoji czy nigdy nie uÅ¼ywaÄ‡ memÃ³w?;Dylematy;NIE UÅ»YWAÄ† EMOJI;NIE UÅ»YWAÄ† MEMÃ“W
wol060;Wolisz jeÅ›Ä‡ na sÅ‚odko czy na sÅ‚ono?;Wolisz;NA SÅODKO;NA SÅONO
fun055;Czy zdarza Ci siÄ™ kichnÄ…Ä‡ tak mocno, Å¼e wystraszysz nawet siebie?;Åšmieszne;NIE;TAK
wol061;Wolisz jeÅ›Ä‡ owoce czy warzywa?;Wolisz;OWOCE;WARZYWA
zwi041;Czy lubisz wspÃ³lne gotowanie jako formÄ™ spÄ™dzania czasu?;ZwiÄ…zkowe;NIE;TAK
dyl037;Wolisz mieÄ‡ w kieszeni zawsze 10 groszy czy 5 cukierkÃ³w?;Dylematy;10 GROSZY;5 CUKIERKÃ“W
fun056;Czy zdarza Ci siÄ™ przypadkiem zadzwoniÄ‡ do kogoÅ›, klikajÄ…c coÅ› w kieszeni?;Åšmieszne;NIE;TAK
swi055;Czy wierzysz w to, Å¼e ludzie sÄ… z natury dobrzy?;ÅšwiatopoglÄ…dowe;NIE;TAK
pre053;Czy lubiÅ‚eÅ› chodziÄ‡ na szkolne imprezy?;PrzeszÅ‚oÅ›Ä‡;NIE;TAK
wol062;Wolisz prowadziÄ‡ samochÃ³d czy podrÃ³Å¼owaÄ‡ pociÄ…giem?;Wolisz;PROWADZIÄ† SAMOCHÃ“D;JECHAÄ† POCIÄ„GIEM
luz038;Czy czÄ™sto Å›piewasz w samochodzie?;LuÅºne;NIGDY;ZAWSZE
fun057;Czy Twoje reakcje przypominajÄ… memy?;Åšmieszne;NIE;TAK
pik039;Czy gra w dominacjÄ™ i ulegÅ‚oÅ›Ä‡ CiÄ™ intryguje?;Pikantne;NIE;TAK
wol063;Wolisz oglÄ…daÄ‡ mecze piÅ‚ki noÅ¼nej czy siatkÃ³wki?;Wolisz;PIÅKA NOÅ»NA;SIATKÃ“WKA
luz039;Czy lubisz sprawdzaÄ‡ lodÃ³wkÄ™ bez zamiaru wyjmowania czegokolwiek?;LuÅºne;NIE;TAK
dyl038;Wolisz mieÄ‡ gÅ‚os jak kaczka czy chodziÄ‡ jak pingwin?;Dylematy;GÅOS JAK KACZKA;CHODZIÄ† JAK PINGWIN
pre054;Czy w dzieciÅ„stwie marzyÅ‚eÅ› Å¼eby byÄ‡ juÅ¼ dorosÅ‚ym?;PrzeszÅ‚oÅ›Ä‡;NIE;TAK
zwi042;Czy potrafisz rozmawiaÄ‡ o trudnych tematach bez emocji?;ZwiÄ…zkowe;NIE;TAK
zwi043;Czy Twoim zdaniem szczeroÅ›Ä‡ powinna byÄ‡ absolutna â€“ nawet jeÅ›li rani?;ZwiÄ…zkowe;NIE;TAK
zwi044;Czy waÅ¼ne jest dla Ciebie poczucie humoru w zwiÄ…zku?;ZwiÄ…zkowe;NIE;TAK
wol064;Wolisz spÄ™dzaÄ‡ czas na zewnÄ…trz czy w domu?;Wolisz;NA ZEWNÄ„TRZ;W DOMU
dyl039;Wolisz mieÄ‡ umiejÄ™tnoÅ›Ä‡ czytania ksiÄ…Å¼ek w sekundÄ™ czy nauki nowych jÄ™zykÃ³w w godzinÄ™?;Dylematy;CZYTANIE KSIÄ„Å»EK;NAUKA JÄ˜ZYKÃ“W
wol065;Wolisz ksiÄ…Å¼kÄ™ czy film?;Wolisz;KSIÄ„Å»KA;FILM
wol066;Wolisz poranki czy wieczory?;Wolisz;PORANKI;WIECZORY
dyl040;Wolisz mieÄ‡ nieskoÅ„czonÄ… iloÅ›Ä‡ baterii w telefonie czy darmowy dostÄ™p do internetu gdziekolwiek?;Dylematy;BATERIA;INTERNET
swi056;Czy uwaÅ¼asz, Å¼e kaÅ¼dy czÅ‚owiek powinien mieÄ‡ dostÄ™p do opieki zdrowotnej bez wzglÄ™du na zarobki?;ÅšwiatopoglÄ…dowe;NIE;TAK
dyl041;WolaÅ‚byÅ› Å¼yÄ‡ w Å›wiecie bez kolorÃ³w czy bez dÅºwiÄ™kÃ³w?;Dylematy;BEZ KOLORÃ“W;BEZ DZWIÄ˜KÃ“W
dyl042;WolaÅ‚byÅ› mÃ³c jeÅºdziÄ‡ na rowerze po wodzie czy na nim lataÄ‡?;Dylematy;JEÅ¹DZIÄ† PO WODZIE;LATAÄ†
fun058;Czy zdarza Ci siÄ™ mÃ³wiÄ‡ do siebie i udawaÄ‡, Å¼e ktoÅ› Ci odpowiada?;Åšmieszne;NIE;TAK
swi057;Czy uwaÅ¼asz, Å¼e demokracja wymaga aktywnego udziaÅ‚u obywateli w Å¼yciu politycznym?;ÅšwiatopoglÄ…dowe;NIE;TAK
swi058;Czy uwaÅ¼asz, Å¼e kara Å›mierci powinna byÄ‡ dopuszczalna?;ÅšwiatopoglÄ…dowe;NIE;TAK
pik040;Kto czÄ™Å›ciej zaczyna flirt - Ty czy druga osoba?;Pikantne;JA;DRUGA OSOBA
wol067;Wolisz wziÄ…Ä‡ prysznic czy kÄ…piel?;Wolisz;PRYSZNIC;KÄ„PIEL
fun059;Czy zdarza Ci siÄ™ mÃ³wiÄ‡ do zwierzÄ…t, jak do ludzi?;Åšmieszne;NIE;TAK
swi059;Czy myÅ›lisz, Å¼e przyszÅ‚oÅ›Ä‡ bÄ™dzie lepsza niÅ¼ teraÅºniejszoÅ›Ä‡?;ÅšwiatopoglÄ…dowe;NIE;TAK
pik041;Czy lubisz, gdy partner przejmuje inicjatywÄ™?;Pikantne;NIE;TAK
pre055;Czy pamiÄ™tasz swoje dzieciÄ™ce marzenia?;PrzeszÅ‚oÅ›Ä‡;NIE;TAK
luz040;Czy zdarza Ci siÄ™ mÃ³wiÄ‡ â€zaraz wracamâ€ i wrÃ³ciÄ‡ za godzinÄ™?;LuÅºne;NIE;TAK
swi060;UwaÅ¼asz, Å¼e nauka powinna dominowaÄ‡ nad wiarÄ…?;ÅšwiatopoglÄ…dowe;NIE;TAK
zwi045;Czy starasz siÄ™ unikaÄ‡ niepotrzebnych spiÄ™Ä‡ w zwiÄ…zku?;ZwiÄ…zkowe;NIE;TAK
swi061;Czy uwaÅ¼asz, Å¼e spoÅ‚eczeÅ„stwo jest zbyt uzaleÅ¼nione od technologii?;ÅšwiatopoglÄ…dowe;NIE;TAK
swi062;Czy uwaÅ¼asz, Å¼e praca powinna dawaÄ‡ przede wszystkim satysfakcjÄ™, a nie pieniÄ…dze?;ÅšwiatopoglÄ…dowe;NIE;TAK
pre056;Czy zdarzaÅ‚o Ci siÄ™ robiÄ‡ coÅ› zakazanego, do czego nie przyznawaÅ‚eÅ› siÄ™ rodzicom?;PrzeszÅ‚oÅ›Ä‡;NIE;TAK
fun060;Czy Twoje sny czasem sÄ… tak dziwne, Å¼e boisz siÄ™ o wÅ‚asny mÃ³zg?;Åšmieszne;NIE;TAK
swi063;Czy Twoim zdaniem paÅ„stwo powinno mieÄ‡ wiÄ™kszy wpÅ‚yw na wychowanie dzieci?;ÅšwiatopoglÄ…dowe;NIE;TAK
fun061;Czy zdarza Ci siÄ™ napisaÄ‡ wiadomoÅ›Ä‡ i zapomnieÄ‡ jÄ… wysÅ‚aÄ‡?;Åšmieszne;NIE;TAK
wol068;Wolisz kawÄ™ czy herbatÄ™?;Wolisz;KAWA;HERBATA
pik042;Czy flirtowanie w miejscu publicznym daje Ci dreszczyk emocji?;Pikantne;NIE;TAK
zwi046;Czy Twoim zdaniem w relacji powinno siÄ™ mÃ³wiÄ‡ wszystko?;ZwiÄ…zkowe;NIE;TAK
pre057;Czy w szkole pomagaÅ‚eÅ› innym dzieciom w nauce?;PrzeszÅ‚oÅ›Ä‡;NIE;TAK
pik043;Czy Twoja wyobraÅºnia erotyczna bywa zaskakujÄ…ca nawet dla Ciebie?;Pikantne;NIE;TAK
zwi047;Czy bywasz niepewny swoich uczuÄ‡ w dÅ‚uÅ¼szej relacji?;ZwiÄ…zkowe;NIE;TAK
zwi048;Czy jesteÅ› typem romantyka?;ZwiÄ…zkowe;NIE;TAK
fun062;Czy masz na swoim telefonie taki baÅ‚agan, Å¼e szukasz aplikacji godzinami?;Åšmieszne;NIE;TAK
wol069;Wolisz ubieraÄ‡ siÄ™ kolorowo czy stonowanie?;Wolisz;KOLOROWO;STONOWANIE
luz041;Czy zdarza Ci siÄ™ rozmawiaÄ‡ z roÅ›linami w mieszkaniu?;LuÅºne;NIE;TAK
zwi049;Czy czujesz siÄ™ sÅ‚uchany w zwiÄ…zku?;ZwiÄ…zkowe;NIE;TAK
swi064;Czy wierzysz w Å¼ycie po Å›mierci?;ÅšwiatopoglÄ…dowe;NIE;TAK
pre058;Czy pamiÄ™tasz swojÄ… pierwszÄ… miÅ‚oÅ›Ä‡ z dzieciÅ„stwa?;PrzeszÅ‚oÅ›Ä‡;NIE;TAK
luz042;Czy chciaÅ‚byÅ› mieszkaÄ‡ w domku na drzewie?;LuÅºne;NIE;TAK
luz043;Czy czasem udajesz, Å¼e kogoÅ› nie widzisz, Å¼eby z nim nie rozmawiaÄ‡?;LuÅºne;NIE;TAK
fun063;Czy czasami zapominasz, co chciaÅ‚eÅ› kupiÄ‡ zaraz po wejÅ›ciu do sklepu?;Åšmieszne;NIE;TAK
zwi050;Czy potrafisz spaÄ‡ spokojnie po kÅ‚Ã³tni z bliskÄ… osobÄ…?;ZwiÄ…zkowe;NIE;TAK
pik044;MyÅ›lisz, Å¼e waÅ¼niejsza jest dÅ‚ugoÅ›Ä‡ czy technika?;Pikantne;DÅUGOÅšÄ†;TECHNIKA
zwi051;Czy umiesz zostawiÄ‡ partnerowi przestrzeÅ„ dla siebie?;ZwiÄ…zkowe;NIE;TAK
pik045;Czy jesteÅ› otwarty na prÃ³bowanie nowych rzeczy w Å‚Ã³Å¼ku?;Pikantne;NIE;TAK
swi065;Czy uwaÅ¼asz, Å¼e dzieci powinny mieÄ‡ prawo decydowaÄ‡ o swoim Å¼yciu?;ÅšwiatopoglÄ…dowe;NIE;TAK
dyl043;WolaÅ‚byÅ› mieÄ‡ talent do gotowania czy do majsterkowania?;Dylematy;GOTOWANIE;MAJSTERKOWANIE
swi066;Czy uwaÅ¼asz, Å¼e kaÅ¼dy powinien mieÄ‡ prawo do posiadania broni?;ÅšwiatopoglÄ…dowe;NIE;TAK
luz044;Jak dziwna byÅ‚a najdziwniejsza rzecz, ktÃ³rÄ… kolekcjonowaÅ‚eÅ›?;LuÅºne;NORMALNA;BARDZO DZIWNA
wol070;Wolisz rozmawiaÄ‡ przez telefon czy pisaÄ‡ wiadomoÅ›ci?;Wolisz;ROZMOWA;PISANIE
pik046;Czy jesteÅ› otwarty na niestandardowe formy intymnoÅ›ci?;Pikantne;NIE;TAK
zwi052;Czy czÄ™sto wyraÅ¼asz uczucia sÅ‚owami?;ZwiÄ…zkowe;NIE;TAK
pik047;Czy lubisz grÄ™ wstÄ™pnÄ… dÅ‚uÅ¼szÄ… niÅ¼ samo zbliÅ¼enie?;Pikantne;NIE;TAK
wol071;Wolisz sÅ‚uchaÄ‡ muzyki gÅ‚oÅ›no czy cicho?;Wolisz;GÅOÅšNO;CICHO
fun064;Czy potrafisz zapomnieÄ‡, co robiÅ‚eÅ› dosÅ‚ownie kilka sekund temu?;Åšmieszne;NIE;TAK
pik048;Czy lubisz budowaÄ‡ napiÄ™cie zanim dojdzie do zbliÅ¼enia?;Pikantne;NIE;TAK
luz045;Czy zdarza Ci siÄ™ zniknÄ…Ä‡ z imprezy bez poÅ¼egnania?;LuÅºne;NIE;TAK
luz046;Czy czÄ™sto gubisz siÄ™ w myÅ›lach podczas najprostszych zadaÅ„?;LuÅºne;NIE;TAK
pik049;Czy czujesz siÄ™ pewnie nago przy drugiej osobie?;Pikantne;NIE;TAK
zwi053;Czy czujesz siÄ™ komfortowo pokazujÄ…c swoje sÅ‚aboÅ›ci w zwiÄ…zku?;ZwiÄ…zkowe;NIE;TAK
pik050;Czy bliskoÅ›Ä‡ fizyczna buduje dla Ciebie emocjonalnÄ… wiÄ™Åº?;Pikantne;NIE;TAK
pik051;Co ma dla Ciebie wiÄ™ksze znaczenie w intymnoÅ›ci - dotyk czy sÅ‚owa?;Pikantne;DOTYK;SÅOWA
dyl044;Wolisz mieÄ‡ super moc teleportacji, ale tylko do Å‚azienki, czy umieÄ‡ lataÄ‡, ale tylko na 1 metr?;Dylematy;TELEPORTACJA;LATANIE
swi067;Czy uwaÅ¼asz, Å¼e powinno siÄ™ ograniczaÄ‡ sztucznÄ… inteligencjÄ™ w codziennym Å¼yciu?;ÅšwiatopoglÄ…dowe;NIE;TAK
zwi054;Czy wspÃ³lne poczucie humoru jest dla Ciebie waÅ¼ne?;ZwiÄ…zkowe;NIE;TAK
pre059;Czy czÄ™sto ukrywaÅ‚eÅ› sÅ‚odycze przed rodzicami?;PrzeszÅ‚oÅ›Ä‡;NIE;TAK
zwi055;Wolisz rozmawiaÄ‡ o emocjach czy dziaÅ‚aÄ‡ praktycznie?;ZwiÄ…zkowe;ROZMAWIAÄ†;DZIAÅAÄ†
swi068;Czy zgadzasz siÄ™ z tym, Å¼e praca powinna byÄ‡ gwarantowana przez paÅ„stwo?;ÅšwiatopoglÄ…dowe;NIE;TAK
fun065;Czy zdarza Ci siÄ™ tak mocno skupiÄ‡ na grze, Å¼e zapominasz o caÅ‚ym Å›wiecie?;Åšmieszne;NIE;TAK
swi069;Jak bardzo cenisz sobie prawo do prywatnoÅ›ci?;ÅšwiatopoglÄ…dowe;W OGÃ“LE;BARDZO
pre060;Jak czÄ™sto spotykaÅ‚eÅ› siÄ™ z przyjaciÃ³Å‚mi po szkole?;PrzeszÅ‚oÅ›Ä‡;RZADKO;CZÄ˜STO
swi070;Jak bardzo zgadzasz siÄ™ z tym, Å¼e zwierzÄ™ta majÄ… takie same prawa do Å¼ycia jak ludzie?;ÅšwiatopoglÄ…dowe;NIE ZGADZAM SIÄ˜;ZGADZAM SIÄ˜ W PEÅNI
dyl045;Wolisz mieÄ‡ talent do Å›piewania czy do taÅ„ca?;Dylematy;ÅšPIEW;TANIEC
swi071;Jak waÅ¼ne sÄ… dla Ciebie wartoÅ›ci rodzinne?;ÅšwiatopoglÄ…dowe;W OGÃ“LE;BARDZO
luz047;Czy byÅ‚byÅ› w stanie zamieszkaÄ‡ w maÅ‚ym domku na wsi bez technologii?;LuÅºne;NIE;TAK
pre061;Jak bardzo lubiÅ‚eÅ› zajÄ™cia plastyczne w szkole?;PrzeszÅ‚oÅ›Ä‡;NIE LUBIÅEM;UWIELBIAÅEM
pik052;Czy waÅ¼na jest dla Ciebie estetyka w zbliÅ¼eniach?;Pikantne;NIE;TAK
luz048;Czy masz czasami powaÅ¼nÄ… rozmowÄ™ z lustrem?;LuÅºne;NIE;TAK
dyl046;Wolisz jeÅ›Ä‡ tylko potrawy o jednej barwie czy o jednej konsystencji?;Dylematy;JEDNA BARWA;JEDNA KONSYSTENCJA
swi072;Czy zgadzasz siÄ™ z tym, Å¼e kaÅ¼da religia powinna byÄ‡ traktowana rÃ³wno?;ÅšwiatopoglÄ…dowe;NIE;TAK
fun066;Czy czasem mÃ³wisz coÅ› gÅ‚oÅ›no, a potem zastanawiasz siÄ™, czy ktoÅ› to usÅ‚yszaÅ‚?;Åšmieszne;NIGDY;CZÄ˜STO
dyl047;Wolisz jeÅ›Ä‡ tylko jednÄ… potrawÄ™ przez resztÄ™ Å¼ycia czy nigdy nie jeÅ›Ä‡ swojego ulubionego dania?;Dylematy;JEDNA POTRAWA;NIGDY ULUBIONA
swi073;Czy uwaÅ¼asz, Å¼e panuje rÃ³wnoÅ›Ä‡ pÅ‚ci w spoÅ‚eczeÅ„stwie?;ÅšwiatopoglÄ…dowe;NIE;TAK
wol072;Wolisz oglÄ…daÄ‡ filmy z przyjaciÃ³Å‚mi czy samotnie?;Wolisz;Z PRZYJACIÃ“ÅMI;SAMOTNIE
fun067;Czy potrafisz zgubiÄ‡ siÄ™ w sklepie, ktÃ³ry znasz od lat?;Åšmieszne;NIE;TAK
dyl048;Wolisz mieÄ‡ zawsze idealnie posprzÄ…tany pokÃ³j czy idealnie uÅ‚oÅ¼onÄ… garderobÄ™?;Dylematy;POKÃ“J;GARDEROBA
swi074;Czy wierzysz w przeznaczenie?;ÅšwiatopoglÄ…dowe;NIE;TAK
wol073;Wolisz dÅ‚ugie rozmowy czy krÃ³tkie i treÅ›ciwe?;Wolisz;DÅUGIE;KRÃ“TKIE
luz049;Czy zdarza Ci siÄ™ myÅ›leÄ‡ intensywnie o jednej rzeczy i zapomnieÄ‡ o niej po minucie?;LuÅºne;NIE;TAK
zwi056;Czy wyraÅ¼anie wdziÄ™cznoÅ›ci jest dla Ciebie waÅ¼nym elementem relacji?;ZwiÄ…zkowe;NIE;TAK
pre062;Na ile pamiÄ™tasz swoje pierwsze przyjaÅºnie?;PrzeszÅ‚oÅ›Ä‡;NIE PAMIÄ˜TAM;PAMIÄ˜TAM DOSKONALE
swi075;Jak bardzo wierzysz, Å¼e dobro wraca?;ÅšwiatopoglÄ…dowe;NIE WIERZÄ˜;BARDZO WIERZÄ˜
pre063;Jak podobaÅ‚y Ci siÄ™ Twoje pierwsze wakacje bez rodzicÃ³w?;PrzeszÅ‚oÅ›Ä‡;BYÅY FATALNE;BYÅY SUPER
pik053;Czy czujesz siÄ™ pewnie rozmawiajÄ…c o seksie?;Pikantne;NIE;TAK
wol074;Wolisz Å›wiÄ™towaÄ‡ urodziny w domu czy na wyjeÅºdzie?;Wolisz;W DOMU;NA WYJEÅ¹DZIE
wol075;Wolisz weekendy peÅ‚ne emocji czy leniwe dni?;Wolisz;PEÅNE EMOCJI;LENIWE
fun068;Czy Twoja poduszka czÄ™sto wyglÄ…da bardziej kuszÄ…co niÅ¼ caÅ‚y dzieÅ„ obowiÄ…zkÃ³w?;Åšmieszne;NIE;TAK
zwi057;Czy jesteÅ› gotÃ³w pÃ³jÅ›Ä‡ na kompromis?;ZwiÄ…zkowe;NIE;TAK
wol076;Wolisz planowaÄ‡ wszystko czy improwizowaÄ‡?;Wolisz;PLANOWAÄ†;IMPROWIZOWAÄ†
zwi058;Czy lubisz planowaÄ‡ wspÃ³lnÄ… przyszÅ‚oÅ›Ä‡?;ZwiÄ…zkowe;NIE;TAK
zwi059;Czy drobne nawyki partnera czÄ™sto CiÄ™ irytujÄ…?;ZwiÄ…zkowe;NIE;TAK
luz050;Jak dobrym detektywem byÅ› byÅ‚?;LuÅºne;BARDZO SÅABYM;BARDZO DOBRYM
dyl049;WolaÅ‚byÅ› codziennie budziÄ‡ siÄ™ w nowym mieÅ›cie czy zawsze w tym samym miejscu?;Dylematy;NOWE MIASTO;JEDNO MIEJSCE
pre064;Jak czÄ™sto pomagaÅ‚eÅ› rodzicom w domu?;PrzeszÅ‚oÅ›Ä‡;RZADKO;CZÄ˜STO
dyl050;WolaÅ‚byÅ› byÄ‡ mistrzem gier komputerowych czy sportÃ³w druÅ¼ynowych?;Dylematy;GRY KOMPUTEROWE;SPORTY ZESPOÅOWE
luz051;Jak trudne byÅ‚oby dla ciebie przeÅ¼ycie tygodnia bez internetu?;LuÅºne;BANALNE;NIEMOÅ»LIWE
fun069;Jak dobrze potrafisz naÅ›ladowaÄ‡ dÅºwiÄ™ki zwierzÄ…t?;Åšmieszne;SÅABO;DOBRZE
dyl051;WolaÅ‚byÅ› przez caÅ‚y dzieÅ„ mÃ³wiÄ‡ szeptem czy krzyczeÄ‡?;Dylematy;MÃ“WIÄ† SZEPTEM;KRZYCZEÄ†
luz052;Czy myÅ›lisz, Å¼e poradziÅ‚byÅ› sobie w Å›redniowieczu?;LuÅºne;NIE;TAK
swi076;Czy uwaÅ¼asz, Å¼e jednostka moÅ¼e zmieniaÄ‡ Å›wiat?;ÅšwiatopoglÄ…dowe;NIE;TAK
luz053;Zdarza Ci siÄ™ zgubiÄ‡ w miejscu, ktÃ³re dobrze znasz?;LuÅºne;RZADKO;CZÄ˜STO
luz054;Czy jesteÅ› w stanie wstaÄ‡ rano bez wÅ‚Ä…czania 5 drzemek?;LuÅºne;NIE;TAK
zwi060;Jak czÄ™sto potrzebujesz zapewnieÅ„ o uczuciach?;ZwiÄ…zkowe;RZADKO;CZÄ˜STO
wol077;Wolisz mieszkaÄ‡ blisko centrum miasta czy na jego obrzeÅ¼ach?;Wolisz;CENTRUM;OBRZEÅ»A
wol078;Wolisz oglÄ…daÄ‡ filmy z napisami czy z lektorem?;Wolisz;NAPISY;LEKTOR
wol079;Wolisz pikantne czy Å‚agodne jedzenie?;Wolisz;PIKANTNE;ÅAGODNE
swi077;Jak bardzo ufasz nauce i badaniom medycznym?;ÅšwiatopoglÄ…dowe;NIE UFAM;UFAM W PEÅNI
fun070;Jak czÄ™sto zdarza Ci siÄ™ machaÄ‡ komuÅ›, kto wcale nie machaÅ‚ do Ciebie?;Åšmieszne;RZADKO;CZÄ˜STO
dyl052;WolaÅ‚byÅ› mieÄ‡ zdolnoÅ›Ä‡ rozmawiania z roÅ›linami czy z przedmiotami?;Dylematy;Z ROÅšLINAMI;Z PRZEDMIOTAMI
swi078;Na ile uwaÅ¼asz, Å¼e system edukacji wymaga gruntownej reformy?;ÅšwiatopoglÄ…dowe;W OGÃ“LE;BARDZO
zwi061;Czy czujesz siÄ™ komfortowo rozmawiajÄ…c o przeszÅ‚oÅ›ci partnera?;ZwiÄ…zkowe;NIE;TAK
luz055;Czy myÅ›lisz o sobie jako o gÅ‚Ã³wnym bohaterze Å¼ycia?;LuÅºne;NIE;TAK
dyl053;Wolisz codziennie jeÅ›Ä‡ pizzÄ™ czy burgery przez miesiÄ…c?;Dylematy;PIZZA;BURGER
pik054;Czy uwaÅ¼asz, Å¼e rozmowa po wszystkim jest rÃ³wnie waÅ¼na jak samo zbliÅ¼enie?;Pikantne;NIE;TAK
wol080;Wolisz jeÅ›Ä‡ fast food czy domowe posiÅ‚ki?;Wolisz;FAST FOOD;DOMOWE POSIÅKI
wol081;WolaÅ‚byÅ› mieÄ‡ duÅ¼o energii rano czy wieczorem?;Wolisz;RANO;WIECZOREM
